{
    "poly0": {
        "origin": [
            -21.299999237060547,
            -32.0
        ],
        "poly_ActualSize": [
            42.599998474121094,
            64.0
        ],
        "poly_ImageSize": [
            425,
            640
        ],
        "basis": [
            [
                -1.0,
                0.0,
                0.0
            ],
            [
                0.0,
                0.0,
                1.0
            ],
            [
                0.0,
                1.0,
                -0.0
            ]
        ],
        "faces_idx": [
            8,
            2
        ],
        "edges_idx": [
            [
                0,
                1
            ],
            [
                1,
                2
            ],
            [
                2,
                3
            ],
            [
                0,
                2
            ],
            [
                1,
                3
            ]
        ]
    },
    "poly1": {
        "origin": [
            -21.299999237060547,
            -32.0
        ],
        "poly_ActualSize": [
            42.599998474121094,
            64.0
        ],
        "poly_ImageSize": [
            425,
            640
        ],
        "basis": [
            [
                -0.0,
                1.0,
                0.0
            ],
            [
                0.0,
                0.0,
                1.0
            ],
            [
                1.0,
                0.0,
                -0.0
            ]
        ],
        "faces_idx": [
            9,
            3
        ],
        "edges_idx": [
            [
                3,
                7
            ],
            [
                2,
                3
            ],
            [
                6,
                7
            ],
            [
                2,
                6
            ],
            [
                3,
                6
            ]
        ]
    },
    "poly2": {
        "origin": [
            -21.299999237060547,
            -32.0
        ],
        "poly_ActualSize": [
            42.599998474121094,
            64.0
        ],
        "poly_ImageSize": [
            425,
            640
        ],
        "basis": [
            [
                1.0,
                0.0,
                -0.0
            ],
            [
                0.0,
                0.0,
                1.0
            ],
            [
                0.0,
                -1.0,
                0.0
            ]
        ],
        "faces_idx": [
            10,
            4
        ],
        "edges_idx": [
            [
                4,
                6
            ],
            [
                5,
                7
            ],
            [
                6,
                7
            ],
            [
                4,
                5
            ],
            [
                4,
                7
            ]
        ]
    },
    "poly3": {
        "origin": [
            -21.299999237060547,
            -32.0
        ],
        "poly_ActualSize": [
            42.599998474121094,
            64.0
        ],
        "poly_ImageSize": [
            425,
            640
        ],
        "basis": [
            [
                0.0,
                -1.0,
                0.0
            ],
            [
                0.0,
                0.0,
                1.0
            ],
            [
                -1.0,
                0.0,
                0.0
            ]
        ],
        "faces_idx": [
            11,
            5
        ],
        "edges_idx": [
            [
                0,
                1
            ],
            [
                0,
                4
            ],
            [
                1,
                5
            ],
            [
                4,
                5
            ],
            [
                0,
                5
            ]
        ]
    }
}