{
    "poly0": {
        "origin": [
            -1.2367395162582397,
            -1.0
        ],
        "center": [
            -0.7235952019691467,
            0.18104416131973267,
            -0.29623499512672424
        ],
        "poly_ActualSize": [
            2.111390709877014,
            1.4075300097465515
        ],
        "poly_ImageSize": [
            640,
            426
        ],
        "basis": [
            [
                -0.0,
                -1.0,
                0.0
            ],
            [
                0.0,
                -0.0,
                1.0
            ],
            [
                -1.0,
                0.0,
                0.0
            ]
        ],
        "faces_idx": [
            0,
            10
        ],
        "edges_idx": [
            [
                0,
                1
            ],
            [
                1,
                2
            ],
            [
                2,
                3
            ],
            [
                0,
                2
            ],
            [
                1,
                3
            ]
        ]
    },
    "poly1": {
        "origin": [
            -1.0239218473434448,
            -1.0
        ],
        "center": [
            0.15016332268714905,
            1.2367395162582397,
            -0.05013272166252136
        ],
        "poly_ActualSize": [
            1.7475170493125916,
            1.8997345566749573
        ],
        "poly_ImageSize": [
            588,
            640
        ],
        "basis": [
            [
                -1.0,
                0.0,
                0.0
            ],
            [
                0.0,
                0.0,
                1.0
            ],
            [
                0.0,
                1.0,
                -0.0
            ]
        ],
        "faces_idx": [
            19,
            1,
            11,
            9
        ],
        "edges_idx": [
            [
                3,
                8
            ],
            [
                6,
                8
            ],
            [
                7,
                9
            ],
            [
                6,
                7
            ],
            [
                2,
                3
            ],
            [
                8,
                9
            ],
            [
                3,
                9
            ],
            [
                7,
                8
            ],
            [
                2,
                8
            ]
        ]
    },
    "poly2": {
        "origin": [
            -0.8746511936187744,
            -1.0
        ],
        "center": [
            1.0239218473434448,
            0.18104416131973267,
            -0.29623499512672424
        ],
        "poly_ActualSize": [
            2.111390709877014,
            1.4075300097465515
        ],
        "poly_ImageSize": [
            640,
            426
        ],
        "basis": [
            [
                -0.0,
                1.0,
                0.0
            ],
            [
                0.0,
                0.0,
                1.0
            ],
            [
                1.0,
                0.0,
                -0.0
            ]
        ],
        "faces_idx": [
            2,
            12
        ],
        "edges_idx": [
            [
                4,
                6
            ],
            [
                5,
                7
            ],
            [
                6,
                7
            ],
            [
                4,
                5
            ],
            [
                4,
                7
            ]
        ]
    },
    "poly3": {
        "origin": [
            -0.7235952019691467,
            -1.0
        ],
        "center": [
            0.15016332268714905,
            -0.8746511936187744,
            -0.05013272166252136
        ],
        "poly_ActualSize": [
            1.7475170493125916,
            1.8997345566749573
        ],
        "poly_ImageSize": [
            588,
            640
        ],
        "basis": [
            [
                1.0,
                0.0,
                0.0
            ],
            [
                -0.0,
                0.0,
                1.0
            ],
            [
                0.0,
                -1.0,
                0.0
            ]
        ],
        "faces_idx": [
            8,
            18,
            3,
            13
        ],
        "edges_idx": [
            [
                0,
                1
            ],
            [
                4,
                10
            ],
            [
                10,
                11
            ],
            [
                5,
                11
            ],
            [
                0,
                10
            ],
            [
                1,
                11
            ],
            [
                5,
                10
            ],
            [
                4,
                5
            ],
            [
                1,
                10
            ]
        ]
    }
}