{
    "poly0": {
        "origin": [
            -5.177383788084827,
            -5.905747890472412
        ],
        "center": [
            0.941292710875224,
            6.127365237799162,
            -0.6532585620880127
        ],
        "poly_ActualSize": [
            8.672181285471815,
            10.504978656768799
        ],
        "poly_ImageSize": [
            528,
            640
        ],
        "basis": [
            [
                -0.9998671502677159,
                0.016299748940302634,
                0.0
            ],
            [
                0.0,
                0.0,
                1.0
            ],
            [
                0.016299748793244362,
                0.9998671412467957,
                -0.0
            ]
        ],
        "faces_idx": [
            0,
            9,
            10,
            19
        ],
        "edges_idx": [
            [
                0,
                1
            ],
            [
                3,
                8
            ],
            [
                1,
                8
            ],
            [
                2,
                3
            ],
            [
                8,
                9
            ],
            [
                3,
                9
            ],
            [
                0,
                8
            ],
            [
                1,
                9
            ],
            [
                2,
                8
            ]
        ],
        "window": [
            [
                238,
                260,
                55,
                86
            ],
            [
                237,
                103,
                56,
                84
            ],
            [
                135,
                601,
                50,
                22
            ]
        ],
        "glass": [
            [
                242,
                263,
                19,
                19
            ],
            [
                270,
                262,
                20,
                19
            ],
            [
                269,
                283,
                20,
                48
            ],
            [
                241,
                283,
                20,
                56
            ],
            [
                270,
                108,
                19,
                49
            ],
            [
                242,
                109,
                20,
                49
            ]
        ],
        "door": [
            [
                230,
                436,
                64,
                146
            ]
        ]
    },
    "poly1": {
        "origin": [
            -4.356351899953307,
            -5.905747890472412
        ],
        "center": [
            5.107731340070877,
            0.7697880268814852,
            -1.8032344579696655
        ],
        "poly_ActualSize": [
            10.57803608991693,
            8.205026865005493
        ],
        "poly_ImageSize": [
            640,
            496
        ],
        "basis": [
            [
                0.031965561885146765,
                0.9994889708512881,
                -0.0
            ],
            [
                0.0,
                0.0,
                1.0
            ],
            [
                0.9994889497756958,
                -0.03196556121110916,
                0.0
            ]
        ],
        "faces_idx": [
            1,
            11
        ],
        "edges_idx": [
            [
                3,
                7
            ],
            [
                2,
                3
            ],
            [
                6,
                7
            ],
            [
                2,
                6
            ],
            [
                3,
                6
            ]
        ],
        "window": [
            [
                120,
                296,
                52,
                87
            ],
            [
                288,
                295,
                52,
                87
            ],
            [
                457,
                295,
                52,
                87
            ]
        ],
        "glass": [
            [
                152,
                353,
                18,
                25
            ],
            [
                124,
                298,
                20,
                52
            ],
            [
                123,
                353,
                19,
                17
            ],
            [
                152,
                297,
                18,
                54
            ],
            [
                123,
                372,
                19,
                6
            ],
            [
                291,
                298,
                20,
                63
            ],
            [
                319,
                299,
                18,
                62
            ],
            [
                489,
                298,
                17,
                59
            ],
            [
                489,
                342,
                17,
                30
            ],
            [
                462,
                296,
                17,
                64
            ]
        ]
    },
    "poly2": {
        "origin": [
            -3.656980927942606,
            -5.905747890472412
        ],
        "center": [
            0.6031436009556042,
            -4.446147642476394,
            -0.6532585620880127
        ],
        "poly_ActualSize": [
            8.672181718717312,
            10.504978656768799
        ],
        "poly_ImageSize": [
            528,
            640
        ],
        "basis": [
            [
                0.9998536863834276,
                -0.01710572493261884,
                0.0
            ],
            [
                0.0,
                0.0,
                1.0
            ],
            [
                -0.017105724662542343,
                -0.9998536705970764,
                0.0
            ]
        ],
        "faces_idx": [
            8,
            2,
            18,
            12
        ],
        "edges_idx": [
            [
                4,
                10
            ],
            [
                10,
                11
            ],
            [
                5,
                11
            ],
            [
                7,
                10
            ],
            [
                6,
                7
            ],
            [
                4,
                5
            ],
            [
                5,
                10
            ],
            [
                6,
                10
            ],
            [
                7,
                11
            ]
        ],
        "window": [
            [
                113,
                259,
                55,
                85
            ],
            [
                361,
                259,
                54,
                83
            ],
            [
                114,
                435,
                56,
                90
            ],
            [
                363,
                433,
                54,
                90
            ],
            [
                350,
                598,
                54,
                25
            ],
            [
                238,
                435,
                54,
                89
            ],
            [
                234,
                103,
                63,
                92
            ],
            [
                125,
                605,
                53,
                19
            ],
            [
                75,
                260,
                29,
                95
            ]
        ],