{
    "poly0": {
        "origin": [
            -6.152569753756021,
            -5.213923931121826
        ],
        "center": [
            -3.523629668832636,
            0.9747605324655804,
            -1.4265036582946777
        ],
        "poly_ActualSize": [
            10.53231932765927,
            7.574840545654297
        ],
        "poly_ImageSize": [
            640,
            460
        ],
        "basis": [
            [
                -0.02498732822516521,
                -0.9996877679696635,
                0.0
            ],
            [
                0.0,
                -0.0,
                1.0
            ],
            [
                -0.9996877679696635,
                0.02498732822516521,
                0.0
            ]
        ],
        "faces_idx": [
            0,
            10
        ],
        "edges_idx": [
            [
                0,
                1
            ],
            [
                1,
                2
            ],
            [
                2,
                3
            ],
            [
                0,
                2
            ],
            [
                1,
                3
            ]
        ],
        "window": [
            [
                462,
                302,
                53,
                86
            ],
            [
                294,
                302,
                52,
                85
            ],
            [
                462,
                123,
                53,
                85
            ],
            [
                123,
                299,
                54,
                87
            ],
            [
                123,
                123,
                55,
                77
            ]
        ],
        "glass": [
            [
                464,
                305,
                19,
                57
            ],
            [
                493,
                305,
                19,
                60
            ],
            [
                493,
                368,
                19,
                16
            ],
            [
                297,
                305,
                19,
                62
            ],
            [
                324,
                303,
                19,
                63
            ],
            [
                493,
                129,
                18,
                61
            ],
            [
                470,
                127,
                14,
                61
            ],
            [
                128,
                346,
                16,
                32
            ],
            [
                155,
                302,
                18,
                64
            ],
            [
                155,
                128,
                20,
                56
            ],
            [
                127,
                128,
                19,
                57
            ],
            [
                131,
                192,
                45,
                7
            ]
        ]
    },
    "poly1": {
        "origin": [
            -5.0269805218952825,
            -5.213923931121826
        ],
        "center": [
            0.8939095736289897,
            6.131631377305379,
            -0.30666089057922363
        ],
        "poly_ActualSize": [
            8.574607083059554,
            9.814526081085205
        ],
        "poly_ImageSize": [
            559,
            640
        ],
        "basis": [
            [
                -0.9996847535240708,
                0.025107639704240313,
                0.0
            ],
            [
                0.0,
                0.0,
                1.0
            ],
            [
                0.025107639704240313,
                0.9996847535240708,
                -0.0
            ]
        ],
        "faces_idx": [
            19,
            1,
            11,
            9
        ],
        "edges_idx": [
            [
                3,
                8
            ],
            [
                6,
                8
            ],
            [
                7,
                9
            ],
            [
                6,
                7
            ],
            [
                2,
                3
            ],
            [
                8,
                9
            ],
            [
                3,
                9
            ],
            [
                7,
                8
            ],
            [
                2,
                8
            ]
        ],
        "window": [
            [
                249,
                278,
                58,
                91
            ],
            [
                250,
                113,
                57,
                88
            ]
        ],
        "glass": [
            [
                282,
                280,
                21,
                21
            ],
            [
                252,
                305,
                22,
                53
            ],
            [
                252,
                282,
                22,
                22
            ],
            [
                282,
                303,
                22,
                51
            ],
            [
                282,
                365,
                21,
                3
            ],
            [
                282,
                116,
                21,
                63
            ],
            [
                253,
                116,
                21,
                53
            ]
        ],
        "door": [
            [
                241,
                466,
                69,
                162
            ]
        ]
    },
    "poly2": {
        "origin": [
            -4.380782978337749,
            -5.213923931121826
        ],
        "center": [
            5.048274273259227,
            0.7594711781893215,
            -1.4265036582946777
        ],
        "poly_ActualSize": [
            10.532319804347544,
            7.574840545654297
        ],
        "poly_ImageSize": [
            640,
            460
        ],
        "basis": [
            [
                0.024987326363683077,
                0.9996877680161916,
                0.0
            ],
            [
                -0.0,
                0.0,
                1.0
            ],
            [
                0.9996877680161916,
                -0.024987326363683077,
                0.0
            ]
        ],
        "faces_idx": [
            2,
            12
        ],
        "edges_idx": [
            [
                4,
                6
            ],
            [
                5,
                7
            ],
            [
                6,
                7
            ],
            [
                4,
                5
            ],
            [
                4,
                7
            ]
        ],
        "window": [
            [
                292,
                299,
                53,
                88
            ],
            [
                123,
                300,
                53,
                88
            ],
            [
                463,
                299,
                53,
                88
            ]
        ],