{
    "poly0": {
        "origin": [
            -0.8847137248893531,
            -0.5584870652027946
        ],
        "center": [
            -0.5935819745063782,
            2.3040771484375,
            -0.20814533531665802
        ],
        "poly_ActualSize": [
            1.757779543900921,
            1.709823991257303
        ],
        "poly_ImageSize": [
            640,
            622
        ],
        "basis": [
            [
                -0.8771242926400333,
                -0.4802634436022807,
                0.0
            ],
            [
                0.0,
                0.0,
                1.0
            ],
            [
                -0.47999492287635803,
                0.876633882522583,
                0.03343519568443298
            ]
        ],
        "faces_idx": [
            0,
            9,
            10,
            19
        ],
        "edges_idx": [
            [
                0,
                1
            ],
            [
                3,
                8
            ],
            [
                1,
                8
            ],
            [
                2,
                3
            ],
            [
                8,
                9
            ],
            [
                3,
                9
            ],
            [
                0,
                8
            ],
            [
                1,
                9
            ],
            [
                2,
                8
            ]
        ]
    },
    "poly1": {
        "origin": [
            -2.3104390782288653,
            -0.7121279835700572
        ],
        "center": [
            0.4037833511829376,
            1.1046853065490723,
            -0.2593590021133423
        ],
        "poly_ActualSize": [
            4.628198121790516,
            1.2046659886834394
        ],
        "poly_ImageSize": [
            640,
            166
        ],
        "basis": [
            [
                -0.48026233566397203,
                0.8771248992832128,
                0.0
            ],
            [
                0.0,
                0.0,
                1.0
            ],
            [
                0.8771249055862427,
                0.4802623391151428,
                -4.933339369017631e-06
            ]
        ],
        "faces_idx": [
            1,
            11
        ],
        "edges_idx": [
            [
                3,
                7
            ],
            [
                2,
                3
            ],
            [
                6,
                7
            ],
            [
                2,
                6
            ],
            [
                3,
                6
            ]
        ]
    },
    "poly2": {
        "origin": [
            -0.873068150188972,
            -0.7121280400549295
        ],
        "center": [
            0.5844216346740723,
            -2.2873892784118652,
            -0.36178597807884216
        ],
        "poly_ActualSize": [
            1.7577747927913037,
            1.7098156665380406
        ],
        "poly_ImageSize": [
            640,
            622
        ],
        "basis": [
            [
                0.8771252562329589,
                0.4802616837498765,
                -0.0
            ],
            [
                0.0,
                0.0,
                1.0
            ],
            [
                0.47999322414398193,
                -0.876634955406189,
                -0.03343198448419571
            ]
        ],
        "faces_idx": [
            8,
            2,
            18,
            12
        ],
        "edges_idx": [
            [
                4,
                10
            ],
            [
                10,
                11
            ],
            [
                5,
                11
            ],
            [
                7,
                10
            ],
            [
                6,
                7
            ],
            [
                4,
                5
            ],
            [
                5,
                10
            ],
            [
                6,
                10
            ],
            [
                7,
                11
            ]
        ]
    },
    "poly3": {
        "origin": [
            -2.3177584978474672,
            -0.7121279835702067
        ],
        "center": [
            -0.4027176797389984,
            -1.082397699356079,
            -0.3105723261833191
        ],
        "poly_ActualSize": [
            4.628198972595872,
            1.2046659886847049
        ],
        "poly_ImageSize": [
            640,
            166
        ],
        "basis": [
            [
                0.4802618683763025,
                -0.8771251551424706,
                0.0
            ],
            [
                0.0,
                0.0,
                1.0
            ],
            [
                -0.8771251440048218,
                -0.4802618622779846,
                -7.893335123299039e-07
            ]
        ],
        "faces_idx": [
            3,
            13
        ],
        "edges_idx": [
            [
                0,
                1
            ],
            [
                0,
                4
            ],
            [
                1,
                5
            ],
            [
                4,
                5
            ],
            [
                0,
                5
            ]
        ]
    }
}