{
    "poly0": {
        "origin": [
            -2.1000001643775232,
            -3.198899984386052
        ],
        "center": [
            1.597914218902588,
            -1.5326496362686157,
            -1.065566897392273
        ],
        "poly_ActualSize": [
            4.2000000654299825,
            6.399999141827313
        ],
        "poly_ImageSize": [
            420,
            640
        ],
        "basis": [
            [
                0.8848744433174524,
                0.46582960357155145,
                -0.0
            ],
            [
                0.0,
                0.0,
                1.0
            ],
            [
                0.4658295512199402,
                -0.8848743438720703,
                0.0005235984572209418
            ]
        ],
        "faces_idx": [
            0,
            5
        ],
        "edges_idx": [
            [
                2,
                10
            ],
            [
                8,
                10
            ],
            [
                3,
                10
            ],
            [
                2,
                3
            ],
            [
                2,
                8
            ]
        ],
        "window": [[1,1,7,7]]
    },
    "poly1": {
        "origin": [
            -2.1016751845002197,
            -3.201099157333372
        ],
        "center": [
            -1.5318955183029175,
            -1.5981483459472656,
            -1.0663000345230103
        ],
        "poly_ActualSize": [
            4.203350548325377,
            6.4021983146667445
        ],
        "poly_ImageSize": [
            420,
            640
        ],
        "basis": [
            [
                0.46582955443339646,
                -0.8848744691855355,
                0.0
            ],
            [
                0.0,
                0.0,
                1.0
            ],
            [
                -0.8848744630813599,
                -0.4658295512199402,
                1.773947744254656e-08
            ]
        ],
        "faces_idx": [
            1,
            6
        ],
        "edges_idx": [
            [
                6,
                8
            ],
            [
                4,
                6
            ],
            [
                8,
                10
            ],
            [
                6,
                10
            ],
            [
                4,
                8
            ]
        ],
        "window": [[1,1,7,7]]
    },
    "poly2": {
        "origin": [
            -2.101675070812689,
            -3.2010991573333714
        ],
        "center": [
            1.550344467163086,
            1.5631030797958374,
            0.2516946494579315
        ],
        "poly_ActualSize": [
            4.203350548325371,
            6.402198314666748
        ],
        "poly_ImageSize": [
            420,
            640
        ],
        "basis": [
            [
                -0.46582950652901955,
                0.8848744944041104,
                0.0
            ],
            [
                0.0,
                0.0,
                1.0
            ],
            [
                0.8848745226860046,
                0.4658295214176178,
                -2.0265892075599368e-08
            ]
        ],
        "faces_idx": [
            2,
            3,
            7,
            14,
            15,
            16,
            17,
            18
        ],
        "edges_idx": [
            [
                0,
                1
            ],
            [
                1,
                3
            ],
            [
                13,
                14
            ],
            [
                3,
                14
            ],
            [
                1,
                15
            ],
            [
                0,
                3
            ],
            [
                1,
                14
            ],
            [
                12,
                13
            ],
            [
                0,
                12
            ],
            [
                2,
                3
            ],
            [
                0,
                2
            ],
            [
                3,
                13
            ],
            [
                0,
                15
            ],
            [
                12,
                15
            ],
            [
                3,
                12
            ],
            [
                14,
                15
            ]
        ]
    },
    "poly3": {
        "origin": [
            -2.100000108953579,
            -3.2010991573672443
        ],
        "center": [
            -1.5973938703536987,
            1.5316611528396606,
            -1.0677660703659058
        ],
        "poly_ActualSize": [
            4.2000000654299825,
            6.399999141799063
        ],
        "poly_ImageSize": [
            420,
            640
        ],
        "basis": [
            [
                -0.8848744556019921,
                -0.4658295802362471,
                0.0
            ],
            [
                0.0,
                0.0,
                1.0
            ],
            [
                -0.4658295214176178,
                0.8848743438720703,
                -0.0005235984572209418
            ]
        ],
        "faces_idx": [
            8,
            4
        ],
        "edges_idx": [
            [
                0,
                1
            ],
            [
                0,
                4
            ],
            [
                4,
                6
            ],
            [
                1,
                4
            ],
            [
                1,
                6
            ]
        ]
    },
    "poly4": {
        "origin": [
            -3.2299947687779045,
            -2.8882603646489455
        ],
        "center": [
            2.242814064025879,
            1.8648899793624878,
            -1.7775908708572388
        ],
        "poly_ActualSize": [
            1.1299949036698433,
            1.66600406180246
        ],
        "poly_ImageSize": [
            434,
            640
        ],
        "basis": [
            [
                -0.8848745053896477,
                -0.46582948566125165,
                0.0
            ],
            [
                0.0,
                0.0,
                1.0
            ],
            [
                -0.46582943201065063,
                0.8848744034767151,
                -0.0005234864656813443
            ]
        ],
        "faces_idx": [
            9,
            19
        ],
        "edges_idx": [
            [
                9,
                15
            ],
            [
                11,
                15
            ],
            [
                9,
                14
            ],
            [
                9,
                11
            ],
            [
                14,
                15
            ]
        ]
    },
    "poly5": {
        "origin": [
            -0.7254018336067151,
            -2.8882603645324725
        ],
        "center": [
            2.782806634902954,
            1.6477278470993042,
            -2.332693338394165
        ],
        "poly_ActualSize": [
            1.3311170294343193,
            1.6667006015777586
        ],
        "poly_ImageSize": [
            511,
            640
        ],
        "basis": [
            [
                -0.46582953109809316,
                0.8848744814700731,
                0.0
            ],
            [
                0.0,
                0.0,
                1.0
            ],
            [
                0.8848744630813599,
                0.4658295214176178,
                -2.6895049742847732e-08
            ]
        ],
        "faces_idx": [
            10,
            20
        ],