{
    "poly0": {
        "origin": [
            -2.0999999046325684,
            -3.200000047683716
        ],
        "center": [
            -2.0999999046325684,
            -0.699999988079071,
            -1.0666667222976685
        ],
        "poly_ActualSize": [
            4.199999809265137,
            6.400000095367432
        ],
        "poly_ImageSize": [
            419,
            640
        ],
        "basis": [
            [
                0.0,
                -1.0,
                0.0
            ],
            [
                0.0,
                0.0,
                1.0
            ],
            [
                -1.0,
                0.0,
                0.0
            ]
        ],
        "faces_idx": [
            0,
            5
        ],
        "edges_idx": [
            [
                2,
                10
            ],
            [
                8,
                10
            ],
            [
                3,
                10
            ],
            [
                2,
                3
            ],
            [
                2,
                8
            ]
        ]
    },
    "poly1": {
        "origin": [
            -2.0999999046325684,
            -3.200000047683716
        ],
        "center": [
            -0.699999988079071,
            2.0999999046325684,
            -1.0666667222976685
        ],
        "poly_ActualSize": [
            4.199999809265137,
            6.400000095367432
        ],
        "poly_ImageSize": [
            419,
            640
        ],
        "basis": [
            [
                -1.0,
                0.0,
                0.0
            ],
            [
                0.0,
                0.0,
                1.0
            ],
            [
                0.0,
                1.0,
                -0.0
            ]
        ],
        "faces_idx": [
            1,
            6
        ],
        "edges_idx": [
            [
                6,
                8
            ],
            [
                4,
                6
            ],
            [
                8,
                10
            ],
            [
                6,
                10
            ],
            [
                4,
                8
            ]
        ]
    },
    "poly2": {
        "origin": [
            -2.0999999046325684,
            -3.200000047683716
        ],
        "center": [
            0.6608216166496277,
            -2.0999999046325684,
            0.25204071402549744
        ],
        "poly_ActualSize": [
            4.199999809265137,
            6.400000095367432
        ],
        "poly_ImageSize": [
            419,
            640
        ],
        "basis": [
            [
                1.0,
                0.0,
                -0.0
            ],
            [
                0.0,
                0.0,
                1.0
            ],
            [
                0.0,
                -1.0,
                0.0
            ]
        ],
        "faces_idx": [
            2,
            3,
            7,
            14,
            15,
            16,
            17,
            18
        ],
        "edges_idx": [
            [
                0,
                1
            ],
            [
                1,
                3
            ],
            [
                13,
                14
            ],
            [
                3,
                14
            ],
            [
                1,
                15
            ],
            [
                0,
                3
            ],
            [
                1,
                14
            ],
            [
                12,
                13
            ],
            [
                0,
                12
            ],
            [
                2,
                3
            ],
            [
                0,
                2
            ],
            [
                3,
                13
            ],
            [
                0,
                15
            ],
            [
                12,
                15
            ],
            [
                3,
                12
            ],
            [
                14,
                15
            ]
        ]
    },
    "poly3": {
        "origin": [
            -2.0999999046325684,
            -3.200000047683716
        ],
        "center": [
            2.0999999046325684,
            0.699999988079071,
            -1.0666667222976685
        ],
        "poly_ActualSize": [
            4.199999809265137,
            6.400000095367432
        ],
        "poly_ImageSize": [
            419,
            640
        ],
        "basis": [
            [
                -0.0,
                1.0,
                0.0
            ],
            [
                0.0,
                0.0,
                1.0
            ],
            [
                1.0,
                0.0,
                -0.0
            ]
        ],
        "faces_idx": [
            8,
            4
        ],
        "edges_idx": [
            [
                0,
                1
            ],
            [
                0,
                4
            ],
            [
                4,
                6
            ],
            [
                1,
                4
            ],
            [
                1,
                6
            ]
        ]
    },
    "poly4": {
        "origin": [
            -3.229995012283325,
            -2.8879430294036865
        ],
        "center": [
            0.6063550114631653,
            -2.85332989692688,
            -1.7772736549377441
        ],
        "poly_ActualSize": [
            1.1299951076507568,
            1.6660040616989136
        ],
        "poly_ImageSize": [
            434,
            640
        ],
        "basis": [
            [
                0.0,
                1.0,
                -0.0
            ],
            [
                0.0,
                0.0,
                1.0
            ],
            [
                1.0,
                -0.0,
                0.0
            ]
        ],
        "faces_idx": [
            9,
            19
        ],
        "edges_idx": [
            [
                9,
                15
            ],
            [
                11,
                15
            ],
            [
                9,
                14
            ],
            [
                9,
                11
            ],
            [
                14,
                15
            ]
        ]
    },
    "poly5": {
        "origin": [
            -0.7238900065422058,
            -2.8879430294036865
        ],
        "center": [
            0.16294001042842865,
            -3.229995012283325,
            -2.332608222961426
        ],
        "poly_ActualSize": [
            1.330245018005371,
            1.6660040616989136
        ],
        "poly_ImageSize": [
            511,
            640
        ],
        "basis": [
            [
                1.0,
                0.0,
                -0.0
            ],
            [
                0.0,
                0.0,
                1.0
            ],
            [
                0.0,
                -1.0,
                0.0
            ]
        ],
        "faces_idx": [
            10,
            20
        ],
        "edges_idx": [
            [
                5,
                11
            ],
            [
                9,
                11
            ],
            [
                5,
                7
            ],
            [
                5,
                9
            ],
            [
                7,
                11
            ]
        ]
    },
    "poly6": {
        "origin": [
            2.0999999046325684,
            -2.8879430294036865
        ],
        "center": [
            -0.7238900065422058,
            -2.85332989692688,
            -2.332608222961426
        ],